{"cameraMode":{"drawMode":0,"name":"Shaded","section":"Shading Mode"},"sceneLighting":true,"audioPlay":false,"sceneViewState":{"m_AlwaysRefresh":false,"showFog":true,"showSkybox":true,"showFlares":true,"showImageEffects":true,"showParticleSystems":true,"showVisualEffectGraphs":true,"m_FxEnabled":true},"in2DMode":false,"pivot":{"x":-6.210938453674316,"y":-9.828287124633789,"z":12.637874603271485},"rotation":{"x":-0.29461726546287539,"y":0.22233468294143678,"z":-0.07069112360477448,"w":-0.9267238974571228},"size":14.380470275878907,"orthographic":false}